<?xml version="1.0" encoding="UTF-8"?>
<!--
  ~ Copyright 2011-2012 WSO2, Inc. (http://wso2.com)
  ~
  ~ Licensed under the Apache License, Version 2.0 (the "License");
  ~ you may not use this file except in compliance with the License.
  ~ You may obtain a copy of the License at
  ~
  ~ http://www.apache.org/licenses/LICENSE-2.0
  ~
  ~ Unless required by applicable law or agreed to in writing, software
  ~ distributed under the License is distributed on an "AS IS" BASIS,
  ~ WITHOUT WARRANTIES OR CONDITIONS OF ANY KIND, either express or implied.
  ~ See the License for the specific language governing permissions and
  ~ limitations under the License.
  -->
<beans xmlns="http://www.springframework.org/schema/beans"
       xmlns:xsi="http://www.w3.org/2001/XMLSchema-instance"
       xmlns:cxf="http://cxf.apache.org/core"
       xmlns:wsa="http://cxf.apache.org/ws/addressing"
       xmlns:http="http://cxf.apache.org/transports/http/configuration"
       xmlns:wsrm-policy="http://schemas.xmlsoap.org/ws/2005/02/rm/policy"
       xmlns:wsrm-mgr="http://cxf.apache.org/ws/rm/manager"
       xsi:schemaLocation="
       http://cxf.apache.org/core http://cxf.apache.org/schemas/core.xsd
       http://cxf.apache.org/transports/http/configuration http://cxf.apache.org/schemas/configuration/http-conf.xsd
       http://schemas.xmlsoap.org/ws/2005/02/rm/policy http://schemas.xmlsoap.org/ws/2005/02/rm/wsrm-policy.xsd
       http://cxf.apache.org/ws/rm/manager http://cxf.apache.org/schemas/configuration/wsrm-manager.xsd
       http://www.springframework.org/schema/beans http://www.springframework.org/schema/beans/spring-beans.xsd">
 
    <cxf:bus>
        <cxf:features>
            <cxf:logging/>
            <wsa:addressing/>
        </cxf:features>
    </cxf:bus>
    
    <http:conduit name="{http://cxf.apache.org/hello_world_soap_http}GreeterPort.http-conduit">
        <!--<http:client DecoupledEndpoint="http://localhost:9990/decoupled_endpoint"/>-->
        <http:client/>
    </http:conduit>

</beans>
