<?xml version="1.0" encoding="UTF-8"?>
<!--
 ~ Copyright (c) 2005-2010, WSO2 Inc. (http://www.wso2.org) All Rights Reserved.
 ~
 ~ WSO2 Inc. licenses this file to you under the Apache License,
 ~ Version 2.0 (the "License"); you may not use this file except
 ~ in compliance with the License.
 ~ You may obtain a copy of the License at
 ~
 ~    http://www.apache.org/licenses/LICENSE-2.0
 ~
 ~ Unless required by applicable law or agreed to in writing,
 ~ software distributed under the License is distributed on an
 ~ "AS IS" BASIS, WITHOUT WARRANTIES OR CONDITIONS OF ANY
 ~ KIND, either express or implied.  See the License for the
 ~ specific language governing permissions and limitations
 ~ under the License.
 -->

<wsp:Policy wsu:Id="SecConSgnEncr"
	xmlns:wsp="http://schemas.xmlsoap.org/ws/2004/09/policy"
	xmlns:wsu="http://docs.oasis-open.org/wss/2004/01/oasis-200401-wss-wssecurity-utility-1.0.xsd">
	<wsp:ExactlyOne>
		<wsp:All>
			<sp:SymmetricBinding
				xmlns:sp="http://schemas.xmlsoap.org/ws/2005/07/securitypolicy">
				<wsp:Policy>
					<sp:ProtectionToken>
						<wsp:Policy>
							<sp:SecureConversationToken
								sp:IncludeToken="http://schemas.xmlsoap.org/ws/2005/07/securitypolicy/IncludeToken/AlwaysToRecipient">
								<wsp:Policy>
									<sp:BootstrapPolicy>
										<wsp:Policy
											xmlns:wsp="http://schemas.xmlsoap.org/ws/2004/09/policy">
											<sp:AsymmetricBinding
												xmlns:sp="http://schemas.xmlsoap.org/ws/2005/07/securitypolicy">
												<wsp:Policy>
													<sp:InitiatorToken>
														<wsp:Policy>
															<sp:X509Token
																sp:IncludeToken="http://schemas.xmlsoap.org/ws/2005/07/securitypolicy/IncludeToken/Never">
																<wsp:Policy>
																	<sp:RequireThumbprintReference />																
																</wsp:Policy>
															</sp:X509Token>
														</wsp:Policy>
													</sp:InitiatorToken>
													<sp:RecipientToken>
														<wsp:Policy>
															<sp:X509Token
																sp:IncludeToken="http://schemas.xmlsoap.org/ws/2005/07/securitypolicy/IncludeToken/Never">
																<wsp:Policy>
																	<sp:RequireThumbprintReference />																
																</wsp:Policy>
															</sp:X509Token>
														</wsp:Policy>
													</sp:RecipientToken>
													<sp:AlgorithmSuite
														xmlns:sp="http://schemas.xmlsoap.org/ws/2005/07/securitypolicy">
														<wsp:Policy>
															<sp:Basic256 />
														</wsp:Policy>
													</sp:AlgorithmSuite>
													<sp:Layout>
														<wsp:Policy>
															<sp:Strict />
														</wsp:Policy>
													</sp:Layout>
													<sp:IncludeTimestamp />
													<sp:OnlySignEntireHeadersAndBody />
												</wsp:Policy>
											</sp:AsymmetricBinding>
											<sp:Wss10
												xmlns:sp="http://schemas.xmlsoap.org/ws/2005/07/securitypolicy">
												<sp:Policy>
													<sp:MustSupportRefKeyIdentifier />
													<sp:MustSupportRefIssuerSerial />
												</sp:Policy>
											</sp:Wss10>
											<sp:SignedParts
												xmlns:sp="http://schemas.xmlsoap.org/ws/2005/07/securitypolicy">
												<sp:Body />
											</sp:SignedParts>
											<sp:EncryptedParts
												xmlns:sp="http://schemas.xmlsoap.org/ws/2005/07/securitypolicy">
												<sp:Body />
											</sp:EncryptedParts>
										</wsp:Policy>
									</sp:BootstrapPolicy>
								</wsp:Policy>
							</sp:SecureConversationToken>
						</wsp:Policy>
					</sp:ProtectionToken>
					<sp:AlgorithmSuite
						xmlns:sp="http://schemas.xmlsoap.org/ws/2005/07/securitypolicy">
						<wsp:Policy>
							<sp:Basic256 />
						</wsp:Policy>
					</sp:AlgorithmSuite>
					<sp:Layout>
						<wsp:Policy>
							<sp:Lax />
						</wsp:Policy>
					</sp:Layout>
					<sp:IncludeTimestamp />
					<sp:OnlySignEntireHeadersAndBody />
				</wsp:Policy>
			</sp:SymmetricBinding>
			<sp:SignedParts
				xmlns:sp="http://schemas.xmlsoap.org/ws/2005/07/securitypolicy">
				<sp:Body />
			</sp:SignedParts>
			<sp:EncryptedParts
				xmlns:sp="http://schemas.xmlsoap.org/ws/2005/07/securitypolicy">
				<sp:Body />
			</sp:EncryptedParts>
			<sp:Wss11
				xmlns:sp="http://schemas.xmlsoap.org/ws/2005/07/securitypolicy">
				<sp:Policy>
					<sp:MustSupportRefKeyIdentifier />
					<sp:MustSupportRefIssuerSerial />
					<sp:MustSupportRefThumbprint />
				</sp:Policy>
			</sp:Wss11>
			<sp:Trust10
				xmlns:sp="http://schemas.xmlsoap.org/ws/2005/07/securitypolicy">
				<wsp:Policy>
					<sp:RequireClientEntropy />
					<sp:RequireServerEntropy />
					<sp:MustSupportIssuedTokens />
				</wsp:Policy>
			</sp:Trust10>
		</wsp:All>
	</wsp:ExactlyOne>
</wsp:Policy>