<?xml version="1.0" encoding="UTF-8"?>

<!--
  ~ Copyright 2011-2012 WSO2, Inc. (http://wso2.com)
  ~
  ~ Licensed under the Apache License, Version 2.0 (the "License");
  ~ you may not use this file except in compliance with the License.
  ~ You may obtain a copy of the License at
  ~
  ~ http://www.apache.org/licenses/LICENSE-2.0
  ~
  ~ Unless required by applicable law or agreed to in writing, software
  ~ distributed under the License is distributed on an "AS IS" BASIS,
  ~ WITHOUT WARRANTIES OR CONDITIONS OF ANY KIND, either express or implied.
  ~ See the License for the specific language governing permissions and
  ~ limitations under the License.
  -->

<beans xmlns="http://www.springframework.org/schema/beans"
       xmlns:xsi="http://www.w3.org/2001/XMLSchema-instance"
       xmlns:jaxrs="http://cxf.apache.org/jaxrs"
       xmlns:cxf="http://cxf.apache.org/core"
       xsi:schemaLocation="
         http://www.springframework.org/schema/beans http://www.springframework.org/schema/beans/spring-beans-2.0.xsd
         http://cxf.apache.org/jaxrs http://cxf.apache.org/schemas/jaxrs.xsd
         http://cxf.apache.org/core http://cxf.apache.org/schemas/core.xsd">

    <jaxrs:server id="Starbucks_Outlet_Service" address="/Starbucks_Outlet_Service">
    <jaxrs:features>
        <cxf:logging/>
    </jaxrs:features>

        <jaxrs:serviceBeans>
            <ref bean="serviceBean"/>
        </jaxrs:serviceBeans>
    </jaxrs:server>

    <bean id="serviceBean" class="demo.jaxrs.server.StarbucksOutletServiceImpl"/>
</beans>

