<!--
 ~ Copyright (c) 2005-2010, WSO2 Inc. (http://www.wso2.org) All Rights Reserved.
 ~
 ~ WSO2 Inc. licenses this file to you under the Apache License,
 ~ Version 2.0 (the "License"); you may not use this file except
 ~ in compliance with the License.
 ~ You may obtain a copy of the License at
 ~
 ~    http://www.apache.org/licenses/LICENSE-2.0
 ~
 ~ Unless required by applicable law or agreed to in writing,
 ~ software distributed under the License is distributed on an
 ~ "AS IS" BASIS, WITHOUT WARRANTIES OR CONDITIONS OF ANY
 ~ KIND, either express or implied.  See the License for the
 ~ specific language governing permissions and limitations
 ~ under the License.
 -->

<!-- 
   The mail to be sent for the tenant registration validation.    
   This mail has the registration validation link to validate the email too.
  -->

<configuration>
    <targetEpr>https://localhost:9443/carbon/email-verification/validator_ajaxprocessor.jsp</targetEpr>
    <subject>WSO2 Cloud Services - Email validation instructions</subject>
    <body>
Hi {first-name},

Thank you for registering an account in WSO2 Cloud Services.

Your Admin Name: {user-name}
Your Domain: {domain-name}

Your User Name: {user-name}@{domain-name}

Please click the following link to verify your email address.
    </body>
    <footer>
Best Regards,
WSO2 Cloud Services Team
http://stratoslive.wso2.com
    </footer>
    <redirectPath>../account-mgt/update_verifier_redirector_ajaxprocessor.jsp</redirectPath>
</configuration>
