<!--
 ~ Copyright (c) 2005-2010, WSO2 Inc. (http://www.wso2.org) All Rights Reserved.
 ~
 ~ WSO2 Inc. licenses this file to you under the Apache License,
 ~ Version 2.0 (the "License"); you may not use this file except
 ~ in compliance with the License.
 ~ You may obtain a copy of the License at
 ~
 ~    http://www.apache.org/licenses/LICENSE-2.0
 ~
 ~ Unless required by applicable law or agreed to in writing,
 ~ software distributed under the License is distributed on an
 ~ "AS IS" BASIS, WITHOUT WARRANTIES OR CONDITIONS OF ANY
 ~ KIND, either express or implied.  See the License for the
 ~ specific language governing permissions and limitations
 ~ under the License.
 -->
<ServiceData>
	<Data dialect="http://schemas.xmlsoap.org/wsdl/"
		file="META-INF/HelloWorldService2.wsdl">
		<URL>
			http://10.100.1.204:9763/services/HelloWorldService2?wsdl
		</URL>
	</Data>
	<Data dialect="http://schemas.xmlsoap.org/ws/2004/09/policy"
		file="META-INF/HelloWorldService2_Policy.xml">
		<URL>
			http://10.100.1.204:9763/services/HelloWorldService2?policy
		</URL>
	</Data>
</ServiceData>