<?xml version="1.0" encoding="ISO-8859-1"?>
<!--
  ~  Copyright (c) 2005-2010, WSO2 Inc. (http://wso2.com) All Rights Reserved.
  ~
  ~  WSO2 Inc. licenses this file to you under the Apache License,
  ~  Version 2.0 (the "License"); you may not use this file except
  ~  in compliance with the License.
  ~  You may obtain a copy of the License at
  ~
  ~    http://www.apache.org/licenses/LICENSE-2.0
  ~
  ~  Unless required by applicable law or agreed to in writing,
  ~  software distributed under the License is distributed on an
  ~  "AS IS" BASIS, WITHOUT WARRANTIES OR CONDITIONS OF ANY
  ~  KIND, either express or implied.  See the License for the
  ~  specific language governing permissions and limitations
  ~  under the License.
  -->
    <sequence name="errorHandler" xmlns="http://ws.apache.org/ns/synapse">
	<log level="full">
        	<property name="MESSAGE" value="Executing default 'fault' sequence"/>
        	<property name="ERROR_CODE" expression="get-property('ERROR_CODE')"/>
        	<property name="ERROR_MESSAGE" expression="get-property('ERROR_MESSAGE')"/>
    	</log>
        <makefault response="true">
            <code value="tns:Receiver" xmlns:tns="http://www.w3.org/2003/05/soap-envelope"/>
            <reason value="COULDN'T SEND THE MESSAGE TO THE SERVER."/>
        </makefault>
        <send/>
    </sequence>
