<?xml version="1.0" encoding="ISO-8859-1"?>
<!--
  ~  Copyright (c) 2005-2010, WSO2 Inc. (http://wso2.com) All Rights Reserved.
  ~
  ~  WSO2 Inc. licenses this file to you under the Apache License,
  ~  Version 2.0 (the "License"); you may not use this file except
  ~  in compliance with the License.
  ~  You may obtain a copy of the License at
  ~
  ~    http://www.apache.org/licenses/LICENSE-2.0
  ~
  ~  Unless required by applicable law or agreed to in writing,
  ~  software distributed under the License is distributed on an
  ~  "AS IS" BASIS, WITHOUT WARRANTIES OR CONDITIONS OF ANY
  ~  KIND, either express or implied.  See the License for the
  ~  specific language governing permissions and limitations
  ~  under the License.
  -->

<!-- Default fault sequence shipped with the Apache Synapse -->
<sequence xmlns="http://ws.apache.org/ns/synapse" name="fault">

    <!-- Log the message at the full log level with the ERROR_MESSAGE and the ERROR_CODE-->
    <!-- log level="full">
        <property name="MESSAGE" value="Executing default 'fault' sequence"/>
        <property name="ERROR_CODE" expression="get-property('ERROR_CODE')"/>
        <property name="ERROR_MESSAGE" expression="get-property('ERROR_MESSAGE')"/>
    </log -->

    <!-- Drops the messages by default if there is a fault -->
    <script language="js"><![CDATA[
        mc.setPayloadXML(
           <{mc.getProperty("SERVICENAME")}Response xmlns="org.wso2.gateway">
            <Timestamp>{new Date()}</Timestamp>
            <Ack>Failure</Ack>
            <Errors>
             <ShortMessage>Gateway Error</ShortMessage>
             <LongMessage>{mc.getProperty("ERROR_MESSAGE")}</LongMessage>
             <ErrorCode>500</ErrorCode>
             <SeverityCode>Error</SeverityCode>
             <ErrorClassification>RequestError</ErrorClassification>
            </Errors>
            <ServiceName>{mc.getProperty("SERVICENAME")}</ServiceName>
            <ResponseCode>{mc.getProperty("HTTP_SC")}</ResponseCode>
            <ContentType>{mc.getProperty("Content-Type")}</ContentType>
            <Version>1.5.1</Version>
           </{mc.getProperty("SERVICENAME")}Response>
        );
      ]]></script>
    <switch source="get-property('ERROR_CODE')">
        <case regex="101504">   <!-- TIMEOUT ERROR -->
            <property name="HTTP_SC" value="504" scope="axis2"/>
            <sequence key="seq_timeout"/>
        </case>
        <case regex="303001">
            <property name="HTTP_SC" value="503" scope="axis2"/>
            <sequence key="seq_endpoint_down"/>
        </case>
        <case regex="111503">
            <property name="HTTP_SC" value="503" scope="axis2"/>
            <sequence key="seq_endpoint_down"/>
        </case>
        <default>
            <property name="HTTP_SC" value="500" scope="axis2"/>
        </default>
    </switch>
    <property name="NO_ENTITY_BODY" scope="axis2" action="remove"/>
    <header name="To" action="remove"/>
    <property name="RESPONSE" value="true"/>
    <property name="messageType" value="text/xml" scope="axis2"/>
    <property name="ContentType" value="text/xml" scope="axis2"/>

    <send/>

</sequence>
