<module name="logmodule" class="org.wso2.carbon.log.module.LogModule">
    <Description>This is a Log Module</Description>
    
    <InFlow>
        <handler name="InFlowLogHandler" class="org.wso2.carbon.log.module.LogInHandler">
            <order phase="OpPhase"/>
        </handler>
    </InFlow>

    <OutFlow>
        <handler name="OutFlowLogHandler" class="org.wso2.carbon.log.module.LogOutHandler">
            <order phase="MessageOut"/>
        </handler>
    </OutFlow>

    <InFaultFlow>
         <handler name="InFaultFlowLogHandler" class="org.wso2.carbon.log.module.LogInHandler">
            <order phase="OpPhase"/>
        </handler>
    </InFaultFlow>

    <OutFaultFlow>
         <handler name="OutFaultFlowLogHandler" class="org.wso2.carbon.log.module.LogOutHandler">
            <order phase="MessageOut"/>
        </handler>
    </OutFaultFlow>

</module>
