<?xml version="1.0" encoding="UTF-8"?>
<bamServer>

    <!--
        Configuration for Billing and Metering. 
    -->
    
    <!--Configuration for summary generation task. 
          1. initial-delay = Time for first summary generation after the server start. (in seconds)
          2. interval = Periodic interval to run summary generation task. (in seconds)
    -->
    <summaryGeneration>
             <initial-delay>600</initial-delay>
             <interval>3600</interval>
    </summaryGeneration>

    <!--Configuration for data collection task for pull mode servers. 
          1. initial-delay = Time for first data collection after the server start. (in seconds)
          2. interval = Periodic interval to run summary generation task. (in seconds)
    -->
    <dataCollection>
             <initial-delay>60</initial-delay>
             <interval>60</interval>
    </dataCollection>

</bamServer>
