<!--
 ~ Copyright (c) 2005-2010, WSO2 Inc. (http://www.wso2.org) All Rights Reserved.
 ~
 ~ WSO2 Inc. licenses this file to you under the Apache License,
 ~ Version 2.0 (the "License"); you may not use this file except
 ~ in compliance with the License.
 ~ You may obtain a copy of the License at
 ~
 ~    http://www.apache.org/licenses/LICENSE-2.0
 ~
 ~ Unless required by applicable law or agreed to in writing,
 ~ software distributed under the License is distributed on an
 ~ "AS IS" BASIS, WITHOUT WARRANTIES OR CONDITIONS OF ANY
 ~ KIND, either express or implied.  See the License for the
 ~ specific language governing permissions and limitations
 ~ under the License.
 -->

<!-- 
     Defines the database and the Task for billing. Multi-tenancy billing rules (by default, uses 
     multitenancy-billing-rules.drl) and email for billing notifications (by default, uses 
     email-billing-notifications.xml) are specified here. 
  -->

<billingConfig xmlns="http://wso2.com/carbon/multitenancy/billing/config">
    <tasks>
        <task id="multitenancyScheduledTask">
            <schedule scheduleHelperClass="org.wso2.carbon.billing.core.scheduler.scheduleHelpers.MonthlyScheduleHelper">
                <parameter name="timeZone">GMT-8:00</parameter>
		<!--cron format: second minute hour dayOfTheMonth Month DayOfWeek-->
                <parameter name="cron">0 0 0 1 * ?</parameter>
            </schedule>
            <handlers>
                <handler service="org.wso2.carbon.billing.mgt.handlers.MultitenancySubscriptionFeedingHandler">
                </handler>
                <handler class="org.wso2.carbon.billing.core.handlers.SubscriptionTreeBuildingHandler">
                </handler>
                <handler class="org.wso2.carbon.billing.core.handlers.RuleHandler">
                    <parameter name="file">multitenancy-billing-rules.drl</parameter>
                </handler>
                <handler class="org.wso2.carbon.billing.core.handlers.InvoiceCalculationHandler">
                </handler>
                <handler class="org.wso2.carbon.billing.core.handlers.DefaultFinalizingHandler">
                </handler>
                <handler class="org.wso2.carbon.billing.core.handlers.EmailSendingHandler">
                    <parameter name="file">email-billing-notifications.xml</parameter>
                </handler>
            </handlers>
        </task>
        <task id="multitenancyViewingTask">
            <handlers>
                <handler service="org.wso2.carbon.billing.mgt.handlers.MultitenancySubscriptionFeedingHandler">
                </handler>
                <handler class="org.wso2.carbon.billing.core.handlers.SubscriptionTreeBuildingHandler">
                </handler>
                <handler class="org.wso2.carbon.billing.core.handlers.RuleHandler">
                    <parameter name="file">multitenancy-billing-rules.drl</parameter>
                </handler>
                <handler class="org.wso2.carbon.billing.core.handlers.InvoiceCalculationHandler">
                </handler>
                <!--
                <handler class="org.wso2.carbon.billing.core.handlers.DefaultFinalizingHandler">
                </handler>-->
            </handlers>
        </task>
    </tasks>
</billingConfig>
