<!--
 ~ Copyright (c) 2005-2010, WSO2 Inc. (http://www.wso2.org) All Rights Reserved.
 ~
 ~ WSO2 Inc. licenses this file to you under the Apache License,
 ~ Version 2.0 (the "License"); you may not use this file except
 ~ in compliance with the License.
 ~ You may obtain a copy of the License at
 ~
 ~    http://www.apache.org/licenses/LICENSE-2.0
 ~
 ~ Unless required by applicable law or agreed to in writing,
 ~ software distributed under the License is distributed on an
 ~ "AS IS" BASIS, WITHOUT WARRANTIES OR CONDITIONS OF ANY
 ~ KIND, either express or implied.  See the License for the
 ~ specific language governing permissions and limitations
 ~ under the License.
 -->
<meteringConfig xmlns="http://wso2.com/carbon/multitenancy/metering/config">
    <tasks>
        <task service="org.wso2.stratos.metering.agent.task.PerRegistryRequestTask">
            <preHandlers>
                <handler service="org.wso2.stratos.metering.agent.handlers.ValidationInfoRetriever">
                </handler>
                <handler service="org.wso2.stratos.metering.agent.handlers.RegistryActionValidator">
                </handler>
            </preHandlers>
            <postHandlers>
                <handler service="org.wso2.stratos.metering.agent.handlers.RemoteTaskInvoker"
                        async="true" frequency="1"><!-- trigger per each request-->
                    <parameter name="taskServiceUrl">https://localhost:9443/services/</parameter>
                    <parameter name="userName">admin</parameter>
                    <parameter name="password">admin</parameter>
                    <parameter name="taskName">org.wso2.stratos.metering.manager.task.PerRegistryRequestRemoteTask</parameter>
                </handler>
            </postHandlers>
        </task>
        <task service="org.wso2.stratos.metering.agent.task.PerUserAddRequestTask">
            <preHandlers>
                <handler service="org.wso2.stratos.metering.agent.handlers.RemoteTaskInvoker"
                        async="false" frequency="1"><!-- trigger per each request-->
                    <parameter name="taskServiceUrl">https://localhost:9443/services/</parameter>
                    <parameter name="userName">admin</parameter>
                    <parameter name="password">admin</parameter>
                    <parameter name="taskName">org.wso2.stratos.metering.manager.task.PerUserAddRequestRemoteTask</parameter>
                </handler>
                <handler service="org.wso2.stratos.metering.agent.handlers.ValidationInfoRetriever">
                </handler>
                <handler service="org.wso2.stratos.metering.agent.handlers.AddUserActionValidator">
                </handler>
            </preHandlers>
        </task>
        <task service="org.wso2.stratos.metering.manager.task.PerRegistryRequestRemoteTask">
            <postHandlers>
                <handler service="org.wso2.stratos.metering.agent.handlers.ValidationInfoRetriever">
                </handler>
                <handler service="org.wso2.stratos.metering.manager.handlers.DBContentVolumeRetriever"><!-- trigger per each registry request-->
                </handler>
                <handler service="org.wso2.stratos.metering.manager.handlers.BandwidthDataRetriever" async="true" frequency="5"><!-- trigger per 5 registry request-->
                </handler>
                <handler service="org.wso2.stratos.metering.manager.handlers.BandwidthDataStorer">
                </handler>
                <handler service="org.wso2.stratos.metering.manager.handlers.BillingDataRetriever"><!-- trigger per each registry request-->
                </handler>
                <handler service="org.wso2.stratos.metering.manager.handlers.RuleInvoker">
                    <parameter name="rule-file">restriction-rules.drl</parameter>
                </handler>
                <handler service="org.wso2.stratos.metering.agent.handlers.ValidationInfoStorer">
                </handler>
            </postHandlers>
        </task>
        <task service="org.wso2.stratos.metering.manager.task.PerUserAddRequestRemoteTask">
            <postHandlers>
                <handler service="org.wso2.stratos.metering.manager.handlers.UsersCountRetriever"><!-- trigger per each user add request-->
                </handler>
                <handler service="org.wso2.stratos.metering.agent.handlers.ValidationInfoRetriever">
                </handler>
                <handler service="org.wso2.stratos.metering.manager.handlers.BillingDataRetriever"><!-- trigger per each user add request-->
                </handler>
                <handler service="org.wso2.stratos.metering.manager.handlers.RuleInvoker">
                    <parameter name="rule-file">restriction-rules.drl</parameter>
                </handler>
                <handler service="org.wso2.stratos.metering.agent.handlers.ValidationInfoStorer">
                </handler>
            </postHandlers>
        </task>
        <!-- to be implemented -->
        <!--
        <task service="org.wso2.stratos.metering.manager.task.ScheduledTask">
            <parameters>
                <parameter name="period">1Month</parameter>
                <parameter name="dayToTriggerOn">1</parameter>
                <parameter name="hourToTriggerOn">0</parameter>
                <parameter name="timeZone">GMT-8:00</parameter>
            </parameters>
            <hanldlers>
                <handler service="org.wso2.stratos.metering.manager.handler.RuleInvoker">
                    <parameter name="rule-file">restriction-rules.drl</parameter>
                </handler>
            </handlers>
        </task>
        -->
    </tasks>
</meteringConfig>
