<!--
 ~ Copyright (c) 2005-2010, WSO2 Inc. (http://www.wso2.org) All Rights Reserved.
 ~
 ~ WSO2 Inc. licenses this file to you under the Apache License,
 ~ Version 2.0 (the "License"); you may not use this file except
 ~ in compliance with the License.
 ~ You may obtain a copy of the License at
 ~
 ~    http://www.apache.org/licenses/LICENSE-2.0
 ~
 ~ Unless required by applicable law or agreed to in writing,
 ~ software distributed under the License is distributed on an
 ~ "AS IS" BASIS, WITHOUT WARRANTIES OR CONDITIONS OF ANY
 ~ KIND, either express or implied.  See the License for the
 ~ specific language governing permissions and limitations
 ~ under the License.
 -->
<samples xmlns="http://wso2.com/stratos/samples">
    <sample name="Shopping Cart">
        <cloudServices>
            <cloudService name="Application Server"/>
            <!--cloudService name="WSO2 Stratos Governance"/>
            <cloudService name="WSO2 Stratos Application Server"/>
            <cloudService name="WSO2 Stratos Gadget Server"/>
            <cloudService name="WSO2 Stratos Mashup Server"/>
            <cloudService name="WSO2 Stratos Enterprise Service Bus"/>
            <cloudService name="WSO2 Stratos Data Services Server"/>
            <cloudService name="WSO2 Stratos Business Process Server"/-->
        </cloudServices>
	<fileName>GlobalShoppingCartSample-2.0.0</fileName>
    </sample>
</samples>
