<!--
 ~ Copyright (c) 2005-2012, WSO2 Inc. (http://www.wso2.org) All Rights Reserved.
 ~
 ~ WSO2 Inc. licenses this file to you under the Apache License,
 ~ Version 2.0 (the "License"); you may not use this file except
 ~ in compliance with the License.
 ~ You may obtain a copy of the License at
 ~
 ~    http://www.apache.org/licenses/LICENSE-2.0
 ~
 ~ Unless required by applicable law or agreed to in writing,
 ~ software distributed under the License is distributed on an
 ~ "AS IS" BASIS, WITHOUT WARRANTIES OR CONDITIONS OF ANY
 ~ KIND, either express or implied.  See the License for the
 ~ specific language governing permissions and limitations
 ~ under the License.
 -->

<!-- 
     Defines the database and related params that to be used for the services status
     monitoring. Status Monitor Agent writes to the database defined here, and the 
     Status Monitor reads it. 
  -->

<serviceStatusConfig xmlns="http://wso2.com/carbon/status/monitor/config">
   <authConfig>
        <jksLocation>../../repository/resources/security/wso2carbon.jks</jksLocation> <!--location to the jks file-->

        <!--The tenant credentials that to be used to login to the Stratos 
	services. Make sure the correct credentials are given to avoid 
	false positives.-->
        <userName>admin@wso2-heartbeat-checker.org</userName>
        <password>password</password>
        <tenantDomain>wso2-heartbeat-checker.org</tenantDomain>
   </authConfig>

   <platformSample>
        <!--The tenant that has the webapps and services to monitor. 
	This can of course be the same tenant given above as tenantDomain-->
        <tenantDomain>wso2.org</tenantDomain>
    </platformSample>

   <dbConfig>
        <url>jdbc:mysql://localhost:3306/stratos_status</url>
        <userName>monitor</userName>
        <password>monitor</password>
        <driverName>com.mysql.jdbc.Driver</driverName>
        <maxActive>80</maxActive>
        <maxWait>60000</maxWait>
        <minIdle>5</minIdle>
    </dbConfig>
</serviceStatusConfig>
