<!--
  ~ Copyright 2005-2007 WSO2, Inc. (http://wso2.com)
  ~
  ~ Licensed under the Apache License, Version 2.0 (the "License");
  ~ you may not use this file except in compliance with the License.
  ~ You may obtain a copy of the License at
  ~
  ~ http://www.apache.org/licenses/LICENSE-2.0
  ~
  ~ Unless required by applicable law or agreed to in writing, software
  ~ distributed under the License is distributed on an "AS IS" BASIS,
  ~ WITHOUT WARRANTIES OR CONDITIONS OF ANY KIND, either express or implied.
  ~ See the License for the specific language governing permissions and
  ~ limitations under the License.
  -->
        
<UserManager>
    <Realm>
        <Configuration>
                <AdminRole>admin</AdminRole>
                <AdminUser>
                     <UserName>admin</UserName>
                     <Password>admin</Password>
                </AdminUser>
            <EveryOneRoleName>everyone</EveryOneRoleName> <!-- By default users in thsi role sees the registry root -->
            <ReadOnly>false</ReadOnly>
            <MaxUserNameListLength>500</MaxUserNameListLength>
            <Property name="url">jdbc:h2:repository/database/WSO2CARBON_DB</Property>
            <Property name="userName">wso2carbon</Property>
            <Property name="password">wso2carbon</Property>
            <Property name="driverName">org.h2.Driver</Property>
            <Property name="maxActive">50</Property>
            <Property name="maxWait">60000</Property>
            <Property name="minIdle">5</Property>
            <Property name="MultiTenantRealmConfigBuilder">org.wso2.carbon.user.core.config.multitenancy.SimpleRealmConfigBuilder</Property>
        </Configuration>
        <UserStoreManager
            class="org.wso2.carbon.user.core.jdbc.JDBCUserStoreManager">
            <!-- Readonly Properties -->
            <Property name="IsEmailUserName">false</Property>
            <Property name="DomainCalculation">default</Property>
            <Property name="SelectUserSQL">SELECT * FROM UM_USER WHERE UM_USER_NAME=? AND UM_TENANT_ID=?</Property>
	        <Property name="GetRoleListSQL">SELECT UM_ROLE_NAME FROM UM_ROLE WHERE UM_TENANT_ID=?</Property>
            <Property name="UserFilterSQL">SELECT UM_USER_NAME FROM UM_USER WHERE UM_USER_NAME LIKE ? AND UM_TENANT_ID=? ORDER BY UM_USER_NAME</Property>
            <Property name="UserRoleSQL">SELECT UM_ROLE_NAME FROM UM_USER_ROLE, UM_ROLE, UM_USER WHERE UM_USER.UM_USER_NAME=? AND UM_USER.UM_ID=UM_USER_ROLE.UM_USER_ID AND UM_ROLE.UM_ID=UM_USER_ROLE.UM_ROLE_ID AND UM_USER_ROLE.UM_TENANT_ID=? AND UM_ROLE.UM_TENANT_ID=? AND UM_USER.UM_TENANT_ID=?</Property>
            <Property name="IsRoleExistingSQL">SELECT UM_ID FROM UM_ROLE WHERE UM_ROLE_NAME=? AND UM_TENANT_ID=?</Property>
            <Property name="IsUserExistingSQL">SELECT UM_ID FROM UM_USER WHERE UM_USER_NAME=? AND UM_TENANT_ID=?</Property>
            <Property name="GetUserListOfRoleSQL">SELECT UM_USER_NAME FROM UM_USER_ROLE, UM_ROLE, UM_USER WHERE UM_ROLE.UM_ROLE_NAME=? AND UM_USER.UM_ID=UM_USER_ROLE.UM_USER_ID AND UM_ROLE.UM_ID=UM_USER_ROLE.UM_ROLE_ID AND UM_USER_ROLE.UM_TENANT_ID=? AND UM_ROLE.UM_TENANT_ID=? AND UM_USER.UM_TENANT_ID=?</Property>
            <Property name="GetUserPropertyForProfileSQL">SELECT UM_ATTR_VALUE FROM UM_USER_ATTRIBUTE, UM_USER WHERE UM_USER.UM_ID = UM_USER_ATTRIBUTE.UM_USER_ID AND UM_USER.UM_USER_NAME=? AND UM_ATTR_NAME=? AND UM_PROFILE_ID=? AND UM_USER_ATTRIBUTE.UM_TENANT_ID=? AND UM_USER.UM_TENANT_ID=?</Property>
            <Property name="GetUserPropertiesForProfileSQL">SELECT UM_ATTR_NAME, UM_ATTR_VALUE FROM UM_USER_ATTRIBUTE, UM_USER WHERE UM_USER.UM_ID = UM_USER_ATTRIBUTE.UM_USER_ID AND UM_USER.UM_USER_NAME=? AND UM_PROFILE_ID=? AND UM_USER_ATTRIBUTE.UM_TENANT_ID=? AND UM_USER.UM_TENANT_ID=?</Property>
            <Property name="GetProfileNamesSQL">SELECT DISTINCT UM_PROFILE_ID FROM UM_USER_ATTRIBUTE WHERE UM_TENANT_ID=?</Property>
            <Property name="GetUserProfileNamesSQL">SELECT DISTINCT UM_PROFILE_ID FROM UM_USER_ATTRIBUTE WHERE UM_USER_ID=(SELECT UM_ID FROM UM_USER WHERE UM_USER_NAME=? AND UM_TENANT_ID=?) AND UM_TENANT_ID=?</Property>
	        <Property name="GetUsersWithDefaultPasswordsSQL">SELECT UM_USER_NAME FROM UM_USER WHERE WHERE UM_USER_NAME=? AND UM_TENANT_ID=?</Property>
            <Property name="UserNameUniqueAcrossTenantsSQL">SELECT UM_ID FROM UM_USER WHERE UM_USER_NAME=?</Property>
            <Property name="GetUserIDFromUserNameSQL">SELECT UM_ID FROM UM_USER WHERE UM_USER_NAME=? AND UM_TENANT_ID=?</Property>
            <Property name="GetTenantIDFromUserNameSQL">SELECT UM_TENANT_ID FROM UM_USER WHERE UM_USER_NAME=?</Property>
            <!-- writing sqls follow-->
            <Property name="PasswordDigest">SHA-256</Property>
            <Property name="StoreSaltedPassword">true</Property>
            <Property name="UserNameUniqueAcrossTenants">false</Property>
            <Property name="PasswordJavaRegEx">[\S]{5,300}$</Property>
            <Property name="PasswordJavaScriptRegEx">[\\S]{5,300}</Property>
            <Property name="AddUserSQL">INSERT INTO UM_USER (UM_USER_NAME, UM_USER_PASSWORD, UM_SALT_VALUE, UM_REQUIRE_CHANGE, UM_CHANGED_TIME, UM_TENANT_ID) VALUES (?, ?, ?, ?, ?, ?)</Property>
	        <Property name="AddRoleSQL">INSERT INTO UM_ROLE (UM_ROLE_NAME, UM_TENANT_ID) VALUES (?, ?)</Property>
            <Property name="AddUserToRoleSQL">INSERT INTO UM_USER_ROLE (UM_USER_ID, UM_ROLE_ID, UM_TENANT_ID) VALUES ((SELECT UM_ID FROM UM_USER WHERE UM_USER_NAME=? AND UM_TENANT_ID=?),(SELECT UM_ID FROM UM_ROLE WHERE UM_ROLE_NAME=? AND UM_TENANT_ID=?), ?)</Property>
            <Property name="AddUserToRoleSQL-mssql">INSERT INTO UM_USER_ROLE (UM_USER_ID, UM_ROLE_ID, UM_TENANT_ID) SELECT (SELECT UM_ID FROM UM_USER WHERE UM_USER_NAME=? AND UM_TENANT_ID=?),(SELECT UM_ID FROM UM_ROLE WHERE UM_ROLE_NAME=? AND UM_TENANT_ID=?),(?)</Property>
            <Property name="RemoveUserFromRoleSQL">DELETE FROM UM_USER_ROLE WHERE UM_USER_ID=(SELECT UM_ID FROM UM_USER WHERE UM_USER_NAME=? AND UM_TENANT_ID=?) AND UM_ROLE_ID=(SELECT UM_ID FROM UM_ROLE WHERE UM_ROLE_NAME=? AND UM_TENANT_ID=?) AND UM_TENANT_ID=?</Property>
            <Property name="AddRoleToUserSQL">INSERT INTO UM_USER_ROLE (UM_ROLE_ID, UM_USER_ID, UM_TENANT_ID) VALUES ((SELECT UM_ID FROM UM_ROLE WHERE UM_ROLE_NAME=? AND UM_TENANT_ID=?),(SELECT UM_ID FROM UM_USER WHERE UM_USER_NAME=? AND UM_TENANT_ID=?), ?)</Property>
            <Property name="AddRoleToUserSQL-mssql">INSERT INTO UM_USER_ROLE (UM_ROLE_ID, UM_USER_ID, UM_TENANT_ID) SELECT (SELECT UM_ID FROM UM_ROLE WHERE UM_ROLE_NAME=? AND UM_TENANT_ID=?),(SELECT UM_ID FROM UM_USER WHERE UM_USER_NAME=? AND UM_TENANT_ID=?), (?)</Property>
            <Property name="RemoveRoleFromUserSQL">DELETE FROM UM_USER_ROLE WHERE UM_ROLE_ID=(SELECT UM_ID FROM UM_ROLE WHERE UM_ROLE_NAME=? AND UM_TENANT_ID=?) AND UM_USER_ID=(SELECT UM_ID FROM UM_USER WHERE UM_USER_NAME=? AND UM_TENANT_ID=?) AND UM_TENANT_ID=?</Property>
            <Property name="DeleteRoleSQL">DELETE FROM UM_ROLE WHERE UM_ROLE_NAME = ? AND UM_TENANT_ID=?</Property>
            <Property name="OnDeleteRoleRemoveUserRoleMappingSQL">DELETE FROM UM_USER_ROLE WHERE UM_ROLE_ID=(SELECT UM_ID FROM UM_ROLE WHERE UM_ROLE_NAME=? AND UM_TENANT_ID=?) AND UM_TENANT_ID=?</Property>
            <Property name="OnDeleteUserRemoveUserRoleMappingSQL">DELETE FROM UM_USER_ROLE WHERE UM_USER_ID=(SELECT UM_ID FROM UM_USER WHERE UM_USER_NAME=? AND UM_TENANT_ID=?) AND UM_TENANT_ID=?</Property>
            <Property name="OnDeleteUserRemoveUserAttributeSQL">DELETE FROM UM_USER_ATTRIBUTE WHERE UM_USER_ID=(SELECT UM_ID FROM UM_USER WHERE UM_USER_NAME=? AND UM_TENANT_ID=?) AND UM_TENANT_ID=?</Property>
            <Property name="DeleteUserSQL">DELETE FROM UM_USER WHERE UM_USER_NAME = ? AND UM_TENANT_ID=?</Property>
            <Property name="UpdateUserPasswordSQL">UPDATE UM_USER SET UM_USER_PASSWORD= ?, UM_SALT_VALUE=?, UM_REQUIRE_CHANGE=?, UM_CHANGED_TIME=? WHERE UM_USER_NAME= ? AND UM_TENANT_ID=?</Property>
	        <Property name="AddUserPropertySQL">INSERT INTO UM_USER_ATTRIBUTE (UM_USER_ID, UM_ATTR_NAME, UM_ATTR_VALUE, UM_PROFILE_ID, UM_TENANT_ID) VALUES ((SELECT UM_ID FROM UM_USER WHERE UM_USER_NAME=? AND UM_TENANT_ID=?), ?, ?, ?, ?)</Property>
            <Property name="AddUserPropertySQL-mssql">INSERT INTO UM_USER_ATTRIBUTE (UM_USER_ID, UM_ATTR_NAME, UM_ATTR_VALUE, UM_PROFILE_ID, UM_TENANT_ID) SELECT (SELECT UM_ID FROM UM_USER WHERE UM_USER_NAME=? AND UM_TENANT_ID=?), (?), (?), (?), (?)</Property>
            <Property name="UpdateUserPropertySQL">UPDATE UM_USER_ATTRIBUTE SET UM_ATTR_VALUE=? WHERE UM_USER_ID=(SELECT UM_ID FROM UM_USER WHERE UM_USER_NAME=? AND UM_TENANT_ID=?) AND UM_ATTR_NAME=? AND UM_PROFILE_ID=? AND UM_TENANT_ID=?</Property>
            <Property name="DeleteUserPropertySQL">DELETE FROM UM_USER_ATTRIBUTE WHERE UM_USER_ID=(SELECT UM_ID FROM UM_USER WHERE UM_USER_NAME=? AND UM_TENANT_ID=?) AND UM_ATTR_NAME=? AND UM_PROFILE_ID=? AND UM_TENANT_ID=?</Property>
        </UserStoreManager>
        <!-- UserStoreManager
            class="org.wso2.carbon.user.core.ldap.LDAPUserStoreManager">
            <Property name="ConnectionURL">ldap://localhost:10389</Property>
            <Property name="ConnectionName">uid=admin,ou=system</Property>
            <Property name="ConnectionPassword">admin123</Property>
            <Property name="UserSearchBase">ou=system</Property>
            <Property name="UserNameListFilter">(objectClass=person)</Property>
            <Property name="UserNameAttribute">uid</Property>
            <Property name="ReadLDAPGroups">false</Property>
            <Property name="GroupSearchBase">ou=system</Property>
            <Property name="GroupSearchFilter">(objectClass=groupOfNames)</Property>
            <Property name="GroupNameAttribute">cn</Property>
            <Property name="MembershipAttribute">member</Property>
        </UserStoreManager -->
        <!-- Active directory configuration follows -->
        <!-- UserStoreManager
            class="org.wso2.carbon.user.core.ldap.LDAPUserStoreManager">
            <Property name="ConnectionURL">ldap://10.100.1.211:389</Property>
            <Property name="ConnectionName">cn=Administrator,cn=users,dc=wso2,dc=lk</Property>
            <Property name="ConnectionPassword">admin123</Property>
            <Property name="UserSearchBase">cn=users,dc=wso2,dc=lk</Property>
            <Property name="UserNameListFilter">(objectClass=person)</Property>
            <Property name="UserNameAttribute">sAMAccountName</Property>
            <Property name="ReadLDAPGroups">true</Property>
            <Property name="GroupSearchBase">cn=users,dc=wso2,dc=lk</Property>
            <Property name="GroupSearchFilter">(objectcategory=group)</Property>
            <Property name="GroupNameAttribute">cn</Property>
            <Property name="MemberOfAttribute">memberOf</Property>
        </UserStoreManager -->
        <AuthorizationManager
            class="org.wso2.carbon.user.core.authorization.JDBCAuthorizationManager">
            <Property name="AdminRoleManagementPermissions">/permission</Property>
        </AuthorizationManager> 
    </Realm>
</UserManager>
