<tasks-configuration xmlns:svns="http://org.wso2.securevault/configuration">

    <!-- 
      The currently running server mode; possible values are:-
      STANDALONE, CLUSTERED, REMOTE.
      NOTE: in CLUSTERED mode, the coordination service must be enabled
      at /repository/conf/etc/coordination-client-config.xml.
    -->
    <taskServerMode>STANDALONE</taskServerMode>
    
    <!-- 
      To be used in CLUSTERED mode to notify how many servers are there in 
      the task server cluster, the servers wait till this amount of servers
      are activated before the tasks are scheduled -->
    <taskServerCount>3</taskServerCount>
    
    <!-- The address to which the remote task server should dispatch the trigger messages to, 
      usually this would be an endpoint to a load balancer -->
    <taskClientDispatchAddress>https://localhost:9448</taskClientDispatchAddress>
    
    <!-- The address of the remote task server -->
    <remoteServerAddress>https://localhost:9443</remoteServerAddress>
    
    <!-- The username to authenticate to the remote task server -->
    <remoteServerUsername>admin</remoteServerUsername>
    
    <!-- The password to authenticate to the remote task server -->
    <remoteServerPassword>admin</remoteServerPassword>

    <!-- Below contain a sample to be used when using with secure vault -->
    <!--remoteServerPassword svns:secretAlias="remote.task.server.password"></remoteServerPassword-->

</tasks-configuration>
