<?xml version="1.0" encoding="UTF-8"?>

<!--
  ~ Copyright 2011-2012 WSO2, Inc. (http://wso2.com)
  ~
  ~ Licensed under the Apache License, Version 2.0 (the "License");
  ~ you may not use this file except in compliance with the License.
  ~ You may obtain a copy of the License at
  ~
  ~ http://www.apache.org/licenses/LICENSE-2.0
  ~
  ~ Unless required by applicable law or agreed to in writing, software
  ~ distributed under the License is distributed on an "AS IS" BASIS,
  ~ WITHOUT WARRANTIES OR CONDITIONS OF ANY KIND, either express or implied.
  ~ See the License for the specific language governing permissions and
  ~ limitations under the License.
  -->

<beans xmlns="http://www.springframework.org/schema/beans"
       xmlns:xsi="http://www.w3.org/2001/XMLSchema-instance"
       xmlns:jaxws="http://cxf.apache.org/jaxws"
       xmlns:soap="http://cxf.apache.org/bindings/soap"
       xsi:schemaLocation="
http://www.springframework.org/schema/beans http://www.springframework.org/schema/beans/spring-beans.xsd
http://cxf.apache.org/bindings/soap http://cxf.apache.org/schemas/configuration/soap.xsd
http://cxf.apache.org/jaxws http://cxf.apache.org/schemas/jaxws.xsd">

    <jaxws:endpoint xmlns:se="http://cxf.apache.org/hello_world_soap_http"
                    id="SignEncSample" address="/GreeterPort"
                    serviceName="se:GreeterService" endpointName="se:GreeterPort"
                    implementor="demo.wssec.server.GreeterImpl"
                    wsdlLocation="WEB-INF/classes/hello_world_wssec.wsdl">

        <jaxws:inInterceptors>
            <ref bean="wss4jInConfiguration"/>
        </jaxws:inInterceptors>

        <jaxws:outInterceptors>
            <ref bean="wss4jOutConfiguration"/>
        </jaxws:outInterceptors>

    </jaxws:endpoint>

    <bean id="wss4jOutConfiguration" class="org.apache.cxf.ws.security.wss4j.WSS4JOutInterceptor">
        <property name="properties">
            <map>
                <entry key="action" value="UsernameToken Timestamp Signature Encrypt"/>
                <entry key="passwordType" value="PasswordText" />
                <entry key="user" value="serverx509v1"/>
                <entry>
                    <key>
                        <value>passwordCallbackRef</value>
                    </key>
                    <ref bean="passwordCallback"/>
                </entry>
                <entry key="encryptionUser" value="clientx509v1"/>
                <entry key="encryptionPropFile" value="etc/Server_SignVerf.properties"/>
                <entry key="encryptionKeyIdentifier" value="IssuerSerial"/>
                <entry key="encryptionParts" value="{Element}{http://docs.oasis-open.org/wss/2004/01/oasis-200401-wss-wssecurity-utility-1.0.xsd}Timestamp;{Content}{http://schemas.xmlsoap.org/soap/envelope/}Body"/>

                <entry key="signaturePropFile" value="etc/Server_Decrypt.properties"/>
                <entry key="signatureKeyIdentifier" value="DirectReference"/>
                <entry key="signatureParts" value="{Element}{http://docs.oasis-open.org/wss/2004/01/oasis-200401-wss-wssecurity-utility-1.0.xsd}Timestamp;{Element}{http://schemas.xmlsoap.org/soap/envelope/}Body"/>
            </map>
        </property>
    </bean>

    <bean id="wss4jInConfiguration" class="org.apache.cxf.ws.security.wss4j.WSS4JInInterceptor">
        <property name="properties">
            <map>
                <entry key="action" value="UsernameToken Timestamp Signature Encrypt"/>
                <entry key="passwordType" value="PasswordDigest" />
                <entry>
                    <key>
                        <value>passwordCallbackRef</value>
                    </key>
                    <ref bean="passwordCallback"/>
                </entry>
                <entry key="decryptionPropFile" value="etc/Server_Decrypt.properties" />
                <entry key="encryptionKeyIdentifier" value="IssuerSerial" />
                <entry key="signaturePropFile" value="etc/Server_SignVerf.properties" />
                <entry key="signatureKeyIdentifier" value="DirectReference" />
            </map>
        </property>
    </bean>

    <bean id="passwordCallback" class="demo.wssec.server.UTPasswordCallback"/>

</beans>
