<!--
 ~ Copyright (c) 2005-2010, WSO2 Inc. (http://www.wso2.org) All Rights Reserved.
 ~
 ~ WSO2 Inc. licenses this file to you under the Apache License,
 ~ Version 2.0 (the "License"); you may not use this file except
 ~ in compliance with the License.
 ~ You may obtain a copy of the License at
 ~
 ~    http://www.apache.org/licenses/LICENSE-2.0
 ~
 ~ Unless required by applicable law or agreed to in writing,
 ~ software distributed under the License is distributed on an
 ~ "AS IS" BASIS, WITHOUT WARRANTIES OR CONDITIONS OF ANY
 ~ KIND, either express or implied.  See the License for the
 ~ specific language governing permissions and limitations
 ~ under the License.
 -->

<!--
    This is the configuration file for Stratos specific constants.
-->

<stratosConfig xmlns="http://wso2.com/cloud/stratos">

    <!--DisableTenantManagementEmails is set to true by default. 
    No Tenant Management mails will be sent, and the tenants will be
    activated as they are created.-->
    <DisableTenantManagementEmails>true</DisableTenantManagementEmails>

    <!--Set the email validation mandatory if you want to have the tenants 
    verify the registration before letting them logging in. This will be 
    overridden by DisableTenantManagementEmails, if that is set to true.-->
    <EmailValidationMandatoryForLogin>false</EmailValidationMandatoryForLogin>

    <!--Moderate the tenant activation by sending the activation mail to the
    AdminEmail address given below, instead of the tenant email address
    Default is false - Tenant Registration Not moderated. This will be 
    overridden by DisableTenantManagementEmails, if that is set to true.-->
    <TenantActivationModerated>false</TenantActivationModerated>

    <!--Super Admin Email Address to moderate the tenant registrations-->
    <SuperAdminEmail>super-admin-email</SuperAdminEmail>

	<!-- 
	<UsagePlanUrl>http://wso2.com/cloud/stratoslive/pricing</UsagePlanUrl> 
	-->
    
     <!--this parameter is used to disable usage summary generator for registry content-->
     <SkipSummaryGenerator>false</SkipSummaryGenerator>

    <!--Following email address is for general notifications such as
	tenant creation, bill generation etc..-->
    <NotificationEmail>notification-email</NotificationEmail>

    <!--Following email address can be used for finance related notifications
	such as when payments received -->
    <FinanceNotificationEmail>finance-notification-email</FinanceNotificationEmail>	

     <!--this parameter is used to disable charging at the registration time-->
    <ChargeOnRegistration>false</ChargeOnRegistration>

    <!--A few Stratos Public Cloud Specific customizations are handled by this parameter-->
    <StratosPublicCloudSetup>true</StratosPublicCloudSetup>

    <!--The URL of the Paypal-->
    <PaypalUrl>Paypal URL</PaypalUrl>

    <PaypalAPIUsername>username</PaypalAPIUsername>
    <PaypalAPIPassword>password</PaypalAPIPassword>
    <PaypalAPISignature>signature</PaypalAPISignature>
    <PaypalEnvironment>live</PaypalEnvironment>

     <!--Manager Configurations-->
     <managerServiceUrl>https://cloud-test.wso2.com/services/</managerServiceUrl>
     <adminUserName>admin</adminUserName>
     <adminPassword>admin</adminPassword>

    <!--The google-analytics URL-->
   <GoogleAnalyticsURL>http://google-analytics.js</GoogleAnalyticsURL>

    <!--Loading message shown during SSO. For example, "Loading StratosLive" -->
    <SSOLoadingMessage>Loading...</SSOLoadingMessage>	
</stratosConfig>
