<Policy xmlns="urn:oasis:names:tc:xacml:3.0:core:schema:wd-17"  PolicyId="Entitlement_Filter_Sample_Policy" RuleCombiningAlgId="urn:oasis:names:tc:xacml:1.0:rule-combining-algorithm:first-applicable" Version="1.0">
  <Target/>
  <Rule Effect="Permit" RuleId="Rule1">
    <Target>
      <AnyOf>
        <AllOf>
          <Match MatchId="urn:oasis:names:tc:xacml:1.0:function:string-equal">
            <AttributeValue DataType="http://www.w3.org/2001/XMLSchema#string">/Entitlement_Sample_WebApp/protected.jsp</AttributeValue>
            <AttributeDesignator AttributeId="urn:oasis:names:tc:xacml:1.0:resource:resource-id" Category="urn:oasis:names:tc:xacml:3.0:attribute-category:resource" DataType="http://www.w3.org/2001/XMLSchema#string" MustBePresent="true"></AttributeDesignator>
          </Match>
          <Match MatchId="urn:oasis:names:tc:xacml:1.0:function:string-equal">
            <AttributeValue DataType="http://www.w3.org/2001/XMLSchema#string">GET</AttributeValue>
            <AttributeDesignator AttributeId="urn:oasis:names:tc:xacml:1.0:action:action-id" Category="urn:oasis:names:tc:xacml:3.0:attribute-category:action" DataType="http://www.w3.org/2001/XMLSchema#string" MustBePresent="true"></AttributeDesignator>
          </Match>
          <Match MatchId="urn:oasis:names:tc:xacml:1.0:function:string-equal">
	    <AttributeValue DataType="http://www.w3.org/2001/XMLSchema#string">admin</AttributeValue>
            <AttributeDesignator AttributeId="urn:oasis:names:tc:xacml:1.0:subject:subject-id" Category="urn:oasis:names:tc:xacml:1.0:subject-category:access-subject" DataType="http://www.w3.org/2001/XMLSchema#string" MustBePresent="true"></AttributeDesignator>
          </Match>
        </AllOf>
      </AnyOf>
    </Target>
  </Rule>
</Policy>
