<!--
  ~ Copyright 2011-2012 WSO2, Inc. (http://wso2.com)
  ~
  ~ Licensed under the Apache License, Version 2.0 (the "License");
  ~ you may not use this file except in compliance with the License.
  ~ You may obtain a copy of the License at
  ~
  ~ http://www.apache.org/licenses/LICENSE-2.0
  ~
  ~ Unless required by applicable law or agreed to in writing, software
  ~ distributed under the License is distributed on an "AS IS" BASIS,
  ~ WITHOUT WARRANTIES OR CONDITIONS OF ANY KIND, either express or implied.
  ~ See the License for the specific language governing permissions and
  ~ limitations under the License.
  -->

<jaxws:bindings wsdlLocation="CustomerService.wsdl"
          xmlns:jaxws="http://java.sun.com/xml/ns/jaxws"
          xmlns:xs="http://www.w3.org/2001/XMLSchema"
          xmlns:jxb="http://java.sun.com/xml/ns/jaxb"
          xmlns:wsdl="http://schemas.xmlsoap.org/wsdl/">
  <!-- <jaxws:enableAsyncMapping>true</jaxws:enableAsyncMapping> -->
  <jaxws:bindings  node="wsdl:definitions/wsdl:types/xs:schema">
      <jxb:globalBindings>
        <jxb:javaType name="java.util.Date" xmlType="xs:dateTime"
                      parseMethod="org.apache.cxf.tools.common.DataTypeAdapter.parseDateTime"
                      printMethod="org.apache.cxf.tools.common.DataTypeAdapter.printDateTime"/>
        <jxb:javaType name="java.util.Date" xmlType="xs:date"
                      parseMethod="org.apache.cxf.tools.common.DataTypeAdapter.parseDate"
                      printMethod="org.apache.cxf.tools.common.DataTypeAdapter.printDate"/>
      </jxb:globalBindings>
  </jaxws:bindings>
</jaxws:bindings>