<?xml version="1.0" encoding="UTF-8"?>
<!--
  ~ Copyright 2011-2012 WSO2, Inc. (http://wso2.com)
  ~
  ~ Licensed under the Apache License, Version 2.0 (the "License");
  ~ you may not use this file except in compliance with the License.
  ~ You may obtain a copy of the License at
  ~
  ~ http://www.apache.org/licenses/LICENSE-2.0
  ~
  ~ Unless required by applicable law or agreed to in writing, software
  ~ distributed under the License is distributed on an "AS IS" BASIS,
  ~ WITHOUT WARRANTIES OR CONDITIONS OF ANY KIND, either express or implied.
  ~ See the License for the specific language governing permissions and
  ~ limitations under the License.
  -->
<beans xmlns="http://www.springframework.org/schema/beans"
      xmlns:xsi="http://www.w3.org/2001/XMLSchema-instance"
      xmlns:jaxws="http://cxf.apache.org/jaxws"
      xmlns:cxf="http://cxf.apache.org/core"
      xsi:schemaLocation="
http://www.springframework.org/schema/beans http://www.springframework.org/schema/beans/spring-beans.xsd
http://cxf.apache.org/core http://cxf.apache.org/schemas/core.xsd
http://cxf.apache.org/jaxws http://cxf.apache.org/schemas/jaxws.xsd">

    <!-- comment this bean to disable schema validation in the client -->
    <jaxws:client name="{http://apache.org/hello_world_soap_http}SoapPort"
        createdFromAPI="true">
        <jaxws:properties>
            <entry key="schema-validation-enabled" value="true" />
        </jaxws:properties>
    </jaxws:client>

    <jaxws:endpoint name="{http://apache.org/hello_world_soap_http}SoapPort"
        wsdlLocation="wsdl/CustomerService.wsdl"
        createdFromAPI="true">
        <jaxws:properties>
            <entry key="schema-validation-enabled" value="true" />
        </jaxws:properties>
    </jaxws:endpoint>

</beans>

