<!--
  ~ Copyright 2005-2007 WSO2, Inc. (http://wso2.com)
  ~
  ~ Licensed under the Apache License, Version 2.0 (the "License");
  ~ you may not use this file except in compliance with the License.
  ~ You may obtain a copy of the License at
  ~
  ~ http://www.apache.org/licenses/LICENSE-2.0
  ~
  ~ Unless required by applicable law or agreed to in writing, software
  ~ distributed under the License is distributed on an "AS IS" BASIS,
  ~ WITHOUT WARRANTIES OR CONDITIONS OF ANY KIND, either express or implied.
  ~ See the License for the specific language governing permissions and
  ~ limitations under the License.
  -->

<!-- This file was auto-generated from WSDL -->
        <!-- by the Apache Axis2 version: #axisVersion# #today# -->
<serviceGroup>
    <service name="ExchangeTrader">
        <messageReceivers>
            <messageReceiver mep="http://www.w3.org/ns/wsdl/in-out"
                             class="org.wso2.appserver.sample.exchange.trader.ExchangeTraderMessageReceiverInOut"/>
            <messageReceiver mep="http://www.w3.org/ns/wsdl/in-only"
                             class="org.wso2.appserver.sample.exchange.trader.ExchangeTraderMessageReceiverInOnly"/>
        </messageReceivers>
        <parameter locked="false" name="ServiceClass">
            org.wso2.appserver.sample.exchange.trader.ExchangeTraderSkeleton
        </parameter>
        <!--All public methods of the service class are exposed by default-->
    </service>
</serviceGroup>
