<?xml version="1.0" encoding="UTF-8"?>
<!--
  ~ Copyright 2011-2012 WSO2, Inc. (http://wso2.com)
  ~
  ~ Licensed under the Apache License, Version 2.0 (the "License");
  ~ you may not use this file except in compliance with the License.
  ~ You may obtain a copy of the License at
  ~
  ~ http://www.apache.org/licenses/LICENSE-2.0
  ~
  ~ Unless required by applicable law or agreed to in writing, software
  ~ distributed under the License is distributed on an "AS IS" BASIS,
  ~ WITHOUT WARRANTIES OR CONDITIONS OF ANY KIND, either express or implied.
  ~ See the License for the specific language governing permissions and
  ~ limitations under the License.
  -->

<handler-chains xmlns="http://java.sun.com/xml/ns/javaee" 
                xmlns:xsi="http://www.w3.org/2001/XMLSchema-instance"
                xsi:schemaLocation="http://java.sun.com/xml/ns/javaee">
    <handler-chain>
        <handler>
            <handler-name>LoggingHandler</handler-name>
            <handler-class>demo.handlers.common.LoggingHandler</handler-class>
        </handler>
    </handler-chain>
</handler-chains>
