<!--
  ~ Copyright 2005-2007 WSO2, Inc. (http://wso2.com)
  ~
  ~ Licensed under the Apache License, Version 2.0 (the "License");
  ~ you may not use this file except in compliance with the License.
  ~ You may obtain a copy of the License at
  ~
  ~ http://www.apache.org/licenses/LICENSE-2.0
  ~
  ~ Unless required by applicable law or agreed to in writing, software
  ~ distributed under the License is distributed on an "AS IS" BASIS,
  ~ WITHOUT WARRANTIES OR CONDITIONS OF ANY KIND, either express or implied.
  ~ See the License for the specific language governing permissions and
  ~ limitations under the License.
  -->

<serviceGroup>
    <service name="MailTestService">
        <parameter name="ServiceClass">org.wso2.appserver.sample.mail.service.MailTestService</parameter>

        <!--mail related parameters-->
        <parameter name="transport.mail.Address">synapse.demo.1@gmail.com</parameter>
        <parameter name="transport.mail.Protocol">pop3</parameter>
        <parameter name="transport.PollInterval">5</parameter>
        <parameter name="mail.pop3.host">pop.gmail.com</parameter>
        <parameter name="mail.pop3.port">995</parameter>
        <parameter name="mail.pop3.user">synapse.demo.1</parameter>
        <parameter name="mail.pop3.password">mailpassword</parameter>

        <parameter name="mail.pop3.socketFactory.class">javax.net.ssl.SSLSocketFactory</parameter>
        <parameter name="mail.pop3.socketFactory.fallback">false</parameter>
        <parameter name="mail.pop3.socketFactory.port">995</parameter>
        <parameter name="transport.mail.ContentType">text/xml</parameter>

        <messageReceivers>
            <messageReceiver mep="http://www.w3.org/ns/wsdl/in-out"
                             class="org.apache.axis2.rpc.receivers.RPCMessageReceiver"/>
            <messageReceiver mep="http://www.w3.org/ns/wsdl/in-only"
                             class="org.apache.axis2.rpc.receivers.RPCInOnlyMessageReceiver"/>
        </messageReceivers>
    </service>
</serviceGroup>
